f0;f1;n1;f2;n2;f3;n3;f4;n4;f5;n5;f6;n6;f7;n7;f8;n8;f9;n9;f10;n10;f11;n11;f12;n12;f13;n13;f14;n14;f15;n15;f16;n16
https://bezdiastaza.ru/;form164753660;Записаться: Хедер;form346697789;Перезвоните мне. Ловец лидов;form164753338;form164753339;form370714539;Записаться: Футер;;;;;;;;;;;;;;;;;;;;;;;;
https://bezdiastaza.ru/abdominoplastika;form390878353;Записаться: Хедер;form390878354;Перезвоните мне. Ловец лидов;form390878452;Записаться: Футер;;;;;;;;;;;;;;;;;;;;;;;;;;
https://bezdiastaza.ru/abdominoplastika-posle-kesareva-secheniya;form164753660;Записаться: Хедер;form346697789;Перезвоните мне. Ловец лидов;form370714539;Записаться: Футер;;;;;;;;;;;;;;;;;;;;;;;;;;
https://bezdiastaza.ru/abdominoplastika-v-moskve;form164753660;Записаться: Хедер;form346697789;Перезвоните мне. Ловец лидов;form370714539;Записаться: Футер;;;;;;;;;;;;;;;;;;;;;;;;;;
https://bezdiastaza.ru/aponevroz;form390878353;Записаться: Хедер;form390878354;Перезвоните мне. Ловец лидов;form390878452;Записаться: Футер;;;;;;;;;;;;;;;;;;;;;;;;;;
https://bezdiastaza.ru/appointment;form164753660;Записаться: Хедер;form346697789;Перезвоните мне. Ловец лидов;form374945560;Онлайн запись на прием к врачу;form370714539;Записаться: Футер;;;;;;;;;;;;;;;;;;;;;;;;
https://bezdiastaza.ru/bandazh-pri-gryzhe-beloj-linii-zhivota;form390878353;Записаться: Хедер;form390878354;Перезвоните мне. Ловец лидов;form390878452;Записаться: Футер;;;;;;;;;;;;;;;;;;;;;;;;;;
https://bezdiastaza.ru/blog/;form164753660;Записаться: Хедер;form346697789;Перезвоните мне. Ловец лидов;form370714539;Записаться: Футер;;;;;;;;;;;;;;;;;;;;;;;;;;
https://bezdiastaza.ru/cena-operacii-pri-diastaze;form164753660;Записаться: Хедер;form346697789;Перезвоните мне. Ловец лидов;form370714539;Записаться: Футер;;;;;;;;;;;;;;;;;;;;;;;;;;
https://bezdiastaza.ru/diastaz;form164753660;Записаться: Хедер;form346697789;Перезвоните мне. Ловец лидов;form370714539;Записаться: Футер;;;;;;;;;;;;;;;;;;;;;;;;;;
https://bezdiastaza.ru/diastaz-i-pupochnaya-gryzha;form390878353;Записаться: Хедер;form390878354;Перезвоните мне. Ловец лидов;form390878452;Записаться: Футер;;;;;;;;;;;;;;;;;;;;;;;;;;
https://bezdiastaza.ru/diastaz-posle-kesareva-secheniya;form390878353;Записаться: Хедер;form390878354;Перезвоните мне. Ловец лидов;form390878452;Записаться: Футер;;;;;;;;;;;;;;;;;;;;;;;;;;
https://bezdiastaza.ru/diastaz-pryamyh-myshc-zhivota-u-muzhchin-uprazhneniya;form164753660;Записаться: Хедер;form346697789;Перезвоните мне. Ловец лидов;form370714539;Записаться: Футер;;;;;;;;;;;;;;;;;;;;;;;;;;
https://bezdiastaza.ru/diastaz-u-muzhchin;form390878353;Записаться: Хедер;form390878354;Перезвоните мне. Ловец лидов;form390878452;Записаться: Футер;;;;;;;;;;;;;;;;;;;;;;;;;;
https://bezdiastaza.ru/doctors;form164753660;Записаться: Хедер;form346697789;Перезвоните мне. Ловец лидов;form372435906;Запись на приём к Мноян А.Х.;form372490860;Запись на приём к Нагаеву Р.М.;form372628436;Запись на приём к Мударисову Р.Р.;form372638227;Запись на приём к Старкову Г.А.;form370714539;Записаться: Футер;;;;;;;;;;;;;;;;;;
https://bezdiastaza.ru/gryzha-beloj-linii-zhivota;form164753660;Записаться: Хедер;form346697789;Перезвоните мне. Ловец лидов;form370714539;Записаться: Футер;;;;;;;;;;;;;;;;;;;;;;;;;;
https://bezdiastaza.ru/kak-diagnostirovat-diastaz;form164753660;Записаться: Хедер;form346697789;Перезвоните мне. Ловец лидов;form370714539;Записаться: Футер;;;;;;;;;;;;;;;;;;;;;;;;;;
https://bezdiastaza.ru/kak-izbezhat-diastaz-posle-rodov;form390878353;Записаться: Хедер;form390878354;Перезвоните мне. Ловец лидов;form390878452;Записаться: Футер;;;;;;;;;;;;;;;;;;;;;;;;;;
https://bezdiastaza.ru/kak-podtyanut-zhivot-posle-rodov;form390878353;Записаться: Хедер;form390878354;Перезвоните мне. Ловец лидов;form390878452;Записаться: Футер;;;;;;;;;;;;;;;;;;;;;;;;;;
https://bezdiastaza.ru/kak-pohudet-i-ubrat-zhivot-posle-rodov;form164753660;Записаться: Хедер;form346697789;Перезвоните мне. Ловец лидов;form370714539;Записаться: Футер;;;;;;;;;;;;;;;;;;;;;;;;;;
https://bezdiastaza.ru/kak-proverit-diastaz;form390878353;Записаться: Хедер;form390878354;Перезвоните мне. Ловец лидов;form390904124;Записаться на прием к хирургу. Захват в статье;form390904125;Рассчитать цену операции. Захват в статье;form390878452;Записаться: Футер;;;;;;;;;;;;;;;;;;;;;;
https://bezdiastaza.ru/kak-ubrat-diastaz;form390878353;Записаться: Хедер;form390878354;Перезвоните мне. Ловец лидов;form390878452;Записаться: Футер;;;;;;;;;;;;;;;;;;;;;;;;;;
https://bezdiastaza.ru/kak-ubrat-zhivot-posle-kesareva;form390878353;Записаться: Хедер;form390878354;Перезвоните мне. Ловец лидов;form390878452;Записаться: Футер;;;;;;;;;;;;;;;;;;;;;;;;;;
https://bezdiastaza.ru/kak-ubrat-zhivot-posle-rodov;form390878353;Записаться: Хедер;form390878354;Перезвоните мне. Ловец лидов;form390878452;Записаться: Футер;;;;;;;;;;;;;;;;;;;;;;;;;;
https://bezdiastaza.ru/kak-ubrat-zhivot-posle-rodov-otzyvy;form164753660;Записаться: Хедер;form346697789;Перезвоните мне. Ловец лидов;form370714539;Записаться: Футер;;;;;;;;;;;;;;;;;;;;;;;;;;
https://bezdiastaza.ru/kakoj-vrach-opredelyaet-diastaz;form164753660;Записаться: Хедер;form346697789;Перезвоните мне. Ловец лидов;form370714539;Записаться: Футер;;;;;;;;;;;;;;;;;;;;;;;;;;
https://bezdiastaza.ru/kompressionnoe-bele-posle-abdominoplastiki;form164753660;Записаться: Хедер;form346697789;Перезвоните мне. Ловец лидов;form370714539;Записаться: Футер;;;;;;;;;;;;;;;;;;;;;;;;;;
https://bezdiastaza.ru/korset-pri-diastaze;form164753660;Записаться: Хедер;form346697789;Перезвоните мне. Ловец лидов;form370714539;Записаться: Футер;;;;;;;;;;;;;;;;;;;;;;;;;;
https://bezdiastaza.ru/laparoskopiya-gryzhi-beloj-linii-zhivota;form164753660;Записаться: Хедер;form346697789;Перезвоните мне. Ловец лидов;form370714539;Записаться: Футер;;;;;;;;;;;;;;;;;;;;;;;;;;
https://bezdiastaza.ru/mnoyan-arthur-hachaturovich;form164753660;Записаться: Хедер;form346697789;Перезвоните мне. Ловец лидов;form371032835;Запись на приём к Мноян А.Х.;form371096755;Отправить отзыв о враче Мноян А.Х.;form370714539;Записаться: Футер;;;;;;;;;;;;;;;;;;;;;;
https://bezdiastaza.ru/mudarisov-rinat-rifkatovich;form164753660;Записаться: Хедер;form346697789;Перезвоните мне. Ловец лидов;form370830803;Запись на приём к Мударисову Р.Р.;form370910795;Отправить отзыв о враче Мударисове Р.Р.;form370714539;Записаться: Футер;;;;;;;;;;;;;;;;;;;;;;
https://bezdiastaza.ru/nagaev-ravil-marlenovich;form164753660;Записаться: Хедер;form346697789;Перезвоните мне. Ловец лидов;form370097871;Запись на приём к Нагаеву Р.М.;form370763332;Отправить отзыв о враче Нагаеве Р.М.;form370714539;Записаться: Футер;;;;;;;;;;;;;;;;;;;;;;
https://bezdiastaza.ru/operacii-po-udaleniyu-gryzhi-beloj-linii-zhivota;form164753660;Записаться: Хедер;form346697789;Перезвоните мне. Ловец лидов;form370714539;Записаться: Футер;;;;;;;;;;;;;;;;;;;;;;;;;;
https://bezdiastaza.ru/operaciya-po-udaleniyu-diastaza;form164753660;Записаться: Хедер;form346697789;Перезвоните мне. Ловец лидов;form390904124;Записаться на прием к хирургу. Захват в статье;form390904125;Рассчитать цену операции. Захват в статье;form370714539;Записаться: Футер;;;;;;;;;;;;;;;;;;;;;;
https://bezdiastaza.ru/otzyvy-ob-ehndoskopicheskoj-operacii-pri-diastaze;form164753660;Записаться: Хедер;form346697789;Перезвоните мне. Ловец лидов;form370714539;Записаться: Футер;;;;;;;;;;;;;;;;;;;;;;;;;;
https://bezdiastaza.ru/otzyvy-ob-operacii-pri-diastaze-v-moskve;form164753660;Записаться: Хедер;form346697789;Перезвоните мне. Ловец лидов;form370714539;Записаться: Футер;;;;;;;;;;;;;;;;;;;;;;;;;;
https://bezdiastaza.ru/otzyvy-pro-abdominoplastiku;form164753660;Записаться: Хедер;form346697789;Перезвоните мне. Ловец лидов;form370714539;Записаться: Футер;;;;;;;;;;;;;;;;;;;;;;;;;;
https://bezdiastaza.ru/pahovaya-gryzha-u-zhenshchin;form164753660;Записаться: Хедер;form346697789;Перезвоните мне. Ловец лидов;form370714539;Записаться: Футер;;;;;;;;;;;;;;;;;;;;;;;;;;
https://bezdiastaza.ru/plastika-zhivota-posle-rodov;form164753660;Записаться: Хедер;form346697789;Перезвоните мне. Ловец лидов;form370714539;Записаться: Футер;;;;;;;;;;;;;;;;;;;;;;;;;;
https://bezdiastaza.ru/starkov-georgy-alexandrovich;form164753660;Записаться: Хедер;form346697789;Перезвоните мне. Ловец лидов;form370812586;Запись на приём к Старкову Г.А.;form370807185;Отправить отзыв о враче Старкове Г.А.;form370714539;Записаться: Футер;;;;;;;;;;;;;;;;;;;;;;
https://bezdiastaza.ru/tejpirovanie-pri-diastaze;form390878353;Записаться: Хедер;form390878354;Перезвоните мне. Ловец лидов;form390878452;Записаться: Футер;;;;;;;;;;;;;;;;;;;;;;;;;;
https://bezdiastaza.ru/uprazhneniya-dlya-zhenshchin-ot-diastaza;form390878353;Записаться: Хедер;form390878354;Перезвоните мне. Ловец лидов;form390878452;Записаться: Футер;;;;;;;;;;;;;;;;;;;;;;;;;;
https://bezdiastaza.ru/uprazhneniya-dlya-zhivota-posle-rodov;form390878353;Записаться: Хедер;form390878354;Перезвоните мне. Ловец лидов;form390878452;Записаться: Футер;;;;;;;;;;;;;;;;;;;;;;;;;;
https://bezdiastaza.ru/vosstanovlenie-posle-udaleniya-gryzhi-beloj-linii-zhivota;form390878353;Записаться: Хедер;form390878354;Перезвоните мне. Ловец лидов;form390878452;Записаться: Футер;;;;;;;;;;;;;;;;;;;;;;;;;;
https://bezdiastaza.ru/zhivot-posle-rodov;form390878353;Записаться: Хедер;form390878354;Перезвоните мне. Ловец лидов;form390878452;Записаться: Футер;;;;;;;;;;;;;;;;;;;;;;;;;;
https://endometryoz.ru/;form342295182;form169704999;form169725019;form360498960;Запись на приём к Ласкевич А.В.;form342397933;Запись на приём к Аванесян Н.С.;form169729768;form165053546;form169710406;form389466627;;;;;;;;;;;;;;;;;;;;;
https://endometryoz.ru/adenomioz;form342295182;form169704999;form169710406;form389466627;;;;;;;;;;;;;;;;;;;;;;;;;;;;
https://endometryoz.ru/boli-pri-ehndometrioze;form342295182;form169704999;form169710406;form389466627;;;;;;;;;;;;;;;;;;;;;;;;;;;;
https://endometryoz.ru/chem-opasen-ehndometrioz;form342295182;form169704999;form169710406;form389466627;;;;;;;;;;;;;;;;;;;;;;;;;;;;
https://endometryoz.ru/ehndometrioz;form342295182;form169704999;form169710406;form389466627;;;;;;;;;;;;;;;;;;;;;;;;;;;;
https://endometryoz.ru/ehndometrioz-i-beremennost;form342295182;form169704999;form169710406;form389466627;;;;;;;;;;;;;;;;;;;;;;;;;;;;
https://endometryoz.ru/ehndometrioz-pri-klimakse;form342295182;form169704999;form169710406;form389466627;;;;;;;;;;;;;;;;;;;;;;;;;;;;
https://endometryoz.ru/ehndometrioz-shejki-matki;form342295182;form169704999;form169710406;form389466627;;;;;;;;;;;;;;;;;;;;;;;;;;;;
https://endometryoz.ru/ehndometrioz-yaichnika;form342295182;form169704999;form169710406;form389466627;;;;;;;;;;;;;;;;;;;;;;;;;;;;
https://endometryoz.ru/lechenie-ehndometrioza-u-zhenshchin-posle-30;form342295182;form169704999;form169710406;form389466627;;;;;;;;;;;;;;;;;;;;;;;;;;;;
https://endometryoz.ru/lechenie-ehndometrioza-u-zhenshchin-posle-40;form342295182;form169704999;form169710406;form389466627;;;;;;;;;;;;;;;;;;;;;;;;;;;;
https://endometryoz.ru/mesyachnye-pri-ehndometrioze;form342295182;form169704999;form169710406;form389466627;;;;;;;;;;;;;;;;;;;;;;;;;;;;
https://endometryoz.ru/mioma-i-ehndometrioz-matki;form342295182;form169704999;form169710406;form389466627;;;;;;;;;;;;;;;;;;;;;;;;;;;;
https://endometryoz.ru/mozhno-li-vylechit-ehndometrioz;form342295182;form169704999;form169710406;form389466627;;;;;;;;;;;;;;;;;;;;;;;;;;;;
https://endometryoz.ru/operaciya-pri-ehndometrioze;form342295182;form169704999;form169710406;form389466627;;;;;;;;;;;;;;;;;;;;;;;;;;;;
https://endometryoz.ru/reasons;form342295182;form169704999;form169710406;form389466627;;;;;;;;;;;;;;;;;;;;;;;;;;;;
https://endometryoz.ru/simptomy-i-lechenie-ehndometrioza-u-zhenshchin-starshe-35;form342295182;form169704999;form169710406;form389466627;;;;;;;;;;;;;;;;;;;;;;;;;;;;
https://endometryoz.ru/statyi;form342295182;form169704999;form169710406;form389466627;;;;;;;;;;;;;;;;;;;;;;;;;;;;
https://endometryoz.ru/udalenie-polipa-ehndometriya;form342295182;form169704999;form169710406;form389466627;;;;;;;;;;;;;;;;;;;;;;;;;;;;
https://endometryoz.ru/vrach-laskevich-anastasiya-vladimirovna;form342295182;form169704999;form342398637;Запись на приём к Ласкевич А.В.;form342290134;Отправить отзыв о враче Ласкевич А.В.;form169710406;form389466627;;;;;;;;;;;;;;;;;;;;;;;;
https://gernioplastika.ru/;form164339597;form346690393;Перезвоните мне - Ловец лидов;form156404039;form156404082;form251617207;form163373940;Перезвоните мне: Кнопка в Footer;;;;;;;;;;;;;;;;;;;;;;;;
https://gernioplastika.ru/aksialnaya-hiatalnaya-gryzha;form164339597;form346690393;Перезвоните мне - Ловец лидов;form163373940;Перезвоните мне: Кнопка в Footer;;;;;;;;;;;;;;;;;;;;;;;;;;;
https://gernioplastika.ru/bandazh-dlya-pupochnoj-gryzhi;form164339597;form346690393;Перезвоните мне - Ловец лидов;form163373940;Перезвоните мне: Кнопка в Footer;;;;;;;;;;;;;;;;;;;;;;;;;;;
https://gernioplastika.ru/bandazh-gryzhevoj;form164339597;form346690393;Перезвоните мне - Ловец лидов;form163373940;Перезвоните мне: Кнопка в Footer;;;;;;;;;;;;;;;;;;;;;;;;;;;
https://gernioplastika.ru/cena-udaleniya-pupochnoj-gryzhi-u-vzroslyh;form164339597;form346690393;Перезвоните мне - Ловец лидов;form163373940;Перезвоните мне: Кнопка в Footer;;;;;;;;;;;;;;;;;;;;;;;;;;;
https://gernioplastika.ru/dieta-pri-reflyuks-ehzofagite;form164339597;form346690393;Перезвоните мне - Ловец лидов;form163373940;Перезвоните мне: Кнопка в Footer;;;;;;;;;;;;;;;;;;;;;;;;;;;
https://gernioplastika.ru/gryzha-beloj-linii-zhivota;form164339597;form346690393;Перезвоните мне - Ловец лидов;form163373940;Перезвоните мне: Кнопка в Footer;;;;;;;;;;;;;;;;;;;;;;;;;;;
https://gernioplastika.ru/gryzha-bryushnoj-polosti;form164339597;form346690393;Перезвоните мне - Ловец лидов;form263561613;form263561614;form163373940;Перезвоните мне: Кнопка в Footer;;;;;;;;;;;;;;;;;;;;;;;;;
https://gernioplastika.ru/gryzha-okolopupochnaya;form164339597;form346690393;Перезвоните мне - Ловец лидов;form163373940;Перезвоните мне: Кнопка в Footer;;;;;;;;;;;;;;;;;;;;;;;;;;;
https://gernioplastika.ru/gryzha-pishchevoda;form164339597;form346690393;Перезвоните мне - Ловец лидов;form163373940;Перезвоните мне: Кнопка в Footer;;;;;;;;;;;;;;;;;;;;;;;;;;;
https://gernioplastika.ru/gryzha-pupochnaya-u-muzhchin;form164339597;form346690393;Перезвоните мне - Ловец лидов;form163373940;Перезвоните мне: Кнопка в Footer;;;;;;;;;;;;;;;;;;;;;;;;;;;
https://gernioplastika.ru/gryzha-zheludka;form164339597;form346690393;Перезвоните мне - Ловец лидов;form163373940;Перезвоните мне: Кнопка в Footer;;;;;;;;;;;;;;;;;;;;;;;;;;;
https://gernioplastika.ru/gryzha-zhivota;form164339597;form346690393;Перезвоните мне - Ловец лидов;form163373940;Перезвоните мне: Кнопка в Footer;;;;;;;;;;;;;;;;;;;;;;;;;;;
https://gernioplastika.ru/gryzha-zhivota-u-zhenshchin;form164339597;form346690393;Перезвоните мне - Ловец лидов;form163373940;Перезвоните мне: Кнопка в Footer;;;;;;;;;;;;;;;;;;;;;;;;;;;
https://gernioplastika.ru/kak-bolit-gryzha-zhivota;form164339597;form346690393;Перезвоните мне - Ловец лидов;form163373940;Перезвоните мне: Кнопка в Footer;;;;;;;;;;;;;;;;;;;;;;;;;;;
https://gernioplastika.ru/list;form164339597;form346690393;Перезвоните мне - Ловец лидов;form163373940;Перезвоните мне: Кнопка в Footer;;;;;;;;;;;;;;;;;;;;;;;;;;;
https://gernioplastika.ru/muzhskoj-bandazh-dlya-pahovoj-gryzhi;form164339597;form346690393;Перезвоните мне - Ловец лидов;form163373940;Перезвоните мне: Кнопка в Footer;;;;;;;;;;;;;;;;;;;;;;;;;;;
https://gernioplastika.ru/operaciya-pri-gryzhe-beloj-linii-zhivota;form164339597;form346690393;Перезвоните мне - Ловец лидов;form163373940;Перезвоните мне: Кнопка в Footer;;;;;;;;;;;;;;;;;;;;;;;;;;;
https://gernioplastika.ru/operaciya-pri-pahovoj-gryzhe;form164339597;form346690393;Перезвоните мне - Ловец лидов;form163373940;Перезвоните мне: Кнопка в Footer;;;;;;;;;;;;;;;;;;;;;;;;;;;
https://gernioplastika.ru/operaciya-pri-pupochnoj-gryzhe;form164339597;form346690393;Перезвоните мне - Ловец лидов;form163373940;Перезвоните мне: Кнопка в Footer;;;;;;;;;;;;;;;;;;;;;;;;;;;
https://gernioplastika.ru/otzyvy-ob-operacii-na-pupochnoj-gryzhe-u-vzroslyh;form164339597;form346690393;Перезвоните мне - Ловец лидов;form163373940;Перезвоните мне: Кнопка в Footer;;;;;;;;;;;;;;;;;;;;;;;;;;;
https://gernioplastika.ru/otzyvy-ob-udalenii-pahovoj-gryzhi-laparoskopiej;form164339597;form346690393;Перезвоните мне - Ловец лидов;form163373940;Перезвоните мне: Кнопка в Footer;;;;;;;;;;;;;;;;;;;;;;;;;;;
https://gernioplastika.ru/pahovaya-gryzha;form164339597;form346690393;Перезвоните мне - Ловец лидов;form163373940;Перезвоните мне: Кнопка в Footer;;;;;;;;;;;;;;;;;;;;;;;;;;;
https://gernioplastika.ru/pahovaya-gryzha-u-muzhchin;form164339597;form346690393;Перезвоните мне - Ловец лидов;form163373940;Перезвоните мне: Кнопка в Footer;;;;;;;;;;;;;;;;;;;;;;;;;;;
https://gernioplastika.ru/pahovaya-gryzha-u-zhenshchin;form164339597;form346690393;Перезвоните мне - Ловец лидов;form263560948;form263560949;form163373940;Перезвоните мне: Кнопка в Footer;;;;;;;;;;;;;;;;;;;;;;;;;
https://gernioplastika.ru/posleoperacionnaya-gryzha-na-zhivote;form164339597;form346690393;Перезвоните мне - Ловец лидов;form163373940;Перезвоните мне: Кнопка в Footer;;;;;;;;;;;;;;;;;;;;;;;;;;;
https://gernioplastika.ru/possible;form164339597;form346690393;Перезвоните мне - Ловец лидов;form163373940;Перезвоните мне: Кнопка в Footer;;;;;;;;;;;;;;;;;;;;;;;;;;;
https://gernioplastika.ru/poyas-pri-pupochnoj-gryzhe;form164339597;form346690393;Перезвоните мне - Ловец лидов;form163373940;Перезвоните мне: Кнопка в Footer;;;;;;;;;;;;;;;;;;;;;;;;;;;
https://gernioplastika.ru/pupochnaya-gryzha;form164339597;form346690393;Перезвоните мне - Ловец лидов;form163373940;Перезвоните мне: Кнопка в Footer;;;;;;;;;;;;;;;;;;;;;;;;;;;
https://gernioplastika.ru/pupochnaya-gryzha-u-vzroslyh;form164339597;form346690393;Перезвоните мне - Ловец лидов;form263557425;form263557460;form163373940;Перезвоните мне: Кнопка в Footer;;;;;;;;;;;;;;;;;;;;;;;;;
https://gernioplastika.ru/pupochnaya-gryzha-u-vzroslyh-simptomy-lechenie;form164339597;form346690393;Перезвоните мне - Ловец лидов;form163373940;Перезвоните мне: Кнопка в Footer;;;;;;;;;;;;;;;;;;;;;;;;;;;
https://gernioplastika.ru/pupochnaya-gryzha-u-zhenshchin;form164339597;form346690393;Перезвоните мне - Ловец лидов;form163373940;Перезвоните мне: Кнопка в Footer;;;;;;;;;;;;;;;;;;;;;;;;;;;
https://gernioplastika.ru/reflyuks-ehzofagit;form164339597;form346690393;Перезвоните мне - Ловец лидов;form163373940;Перезвоните мне: Кнопка в Footer;;;;;;;;;;;;;;;;;;;;;;;;;;;
https://gernioplastika.ru/simptomy-gryzhi-na-zhivote;form164339597;form346690393;Перезвоните мне - Ловец лидов;form163373940;Перезвоните мне: Кнопка в Footer;;;;;;;;;;;;;;;;;;;;;;;;;;;
https://gernioplastika.ru/stoimost-operacii-po-udaleniyu-pahovoj-gryzhi;form164339597;form346690393;Перезвоните мне - Ловец лидов;form163373940;Перезвоните мне: Кнопка в Footer;;;;;;;;;;;;;;;;;;;;;;;;;;;
https://gernioplastika.ru/udalenie-gryzhi-zhivota;form164339597;form346690393;Перезвоните мне - Ловец лидов;form163373940;Перезвоните мне: Кнопка в Footer;;;;;;;;;;;;;;;;;;;;;;;;;;;
https://gernioplastika.ru/udalenie-pahovoj-gryzhi-u-muzhchin-reabilitaciya-posle-operacii;form164339597;form346690393;Перезвоните мне - Ловец лидов;form163373940;Перезвоните мне: Кнопка в Footer;;;;;;;;;;;;;;;;;;;;;;;;;;;
https://gernioplastika.ru/ushchemlennaya-gryzha;form164339597;form346690393;Перезвоните мне - Ловец лидов;form163373940;Перезвоните мне: Кнопка в Footer;;;;;;;;;;;;;;;;;;;;;;;;;;;
https://gernioplastika.ru/ushchemlennaya-pahovaya-gryzha;form164339597;form346690393;Перезвоните мне - Ловец лидов;form163373940;Перезвоните мне: Кнопка в Footer;;;;;;;;;;;;;;;;;;;;;;;;;;;
https://gernioplastika.ru/ushchemlennaya-pupochnaya-gryzha;form164339597;form346690393;Перезвоните мне - Ловец лидов;form163373940;Перезвоните мне: Кнопка в Footer;;;;;;;;;;;;;;;;;;;;;;;;;;;
https://gernioplastika.ru/ventralnaya-gryzha;form164339597;form346690393;Перезвоните мне - Ловец лидов;form163373940;Перезвоните мне: Кнопка в Footer;;;;;;;;;;;;;;;;;;;;;;;;;;;
https://gryzha-operaciya.ru/;form281087811;Запись на прием: Кнопка в меню;form184562372;form184562701;form184587921;form184563450;form184589157;form184589702;form184589704;form152223983;Отзыв;form184591137;form184563688;form184591954;Оставить заявку в Как к нам попасть;form184593690;form184594044;form184594045;;;;;;;;;;;;;;
https://gryzha-operaciya.ru/appointment;form281087811;Запись на прием: Кнопка в меню;form377671272;Онлайн запись на прием к врачу;form71269784;Контакты: Связаться с нами;form72868013;Footer: Записаться на приём;form72891647;Footer: Бесплатная консультация по телефону;form251603300;Записаться на лечение грыжи;form346479543;Перезвоните мне - Ловец лидов;;;;;;;;;;;;;;;;;;
https://gryzha-operaciya.ru/articles;form281087811;Запись на прием: Кнопка в меню;form71269784;Контакты: Связаться с нами;form72868013;Footer: Записаться на приём;form72891647;Footer: Бесплатная консультация по телефону;form251603300;Записаться на лечение грыжи;form346479543;Перезвоните мне - Ловец лидов;;;;;;;;;;;;;;;;;;;;
https://gryzha-operaciya.ru/bandazh-gryzhevoj;form281087811;Запись на прием: Кнопка в меню;form71269784;Контакты: Связаться с нами;form72868013;Footer: Записаться на приём;form72891647;Footer: Бесплатная консультация по телефону;form251603300;Записаться на лечение грыжи;form346479543;Перезвоните мне - Ловец лидов;;;;;;;;;;;;;;;;;;;;
https://gryzha-operaciya.ru/bandazh-ot-pupochnoi-grizhi;form281087811;Запись на прием: Кнопка в меню;form71269784;Контакты: Связаться с нами;form72868013;Footer: Записаться на приём;form72891647;Footer: Бесплатная консультация по телефону;form251603300;Записаться на лечение грыжи;form346479543;Перезвоните мне - Ловец лидов;;;;;;;;;;;;;;;;;;;;
https://gryzha-operaciya.ru/bedrennaya-gryzha-udalit;form281087811;Запись на прием: Кнопка в меню;form72851721;Записаться на прием: Бедренная грыжа;form71269784;Контакты: Связаться с нами;form72868013;Footer: Записаться на приём;form72891647;Footer: Бесплатная консультация по телефону;form251603300;Записаться на лечение грыжи;form346479543;Перезвоните мне - Ловец лидов;;;;;;;;;;;;;;;;;;
https://gryzha-operaciya.ru/cherez-skolko-uhodit-zhivot-posle-rodov;form390371915;Запись на прием: Кнопка в меню;form390372146;Контакты: Связаться с нами;form390369520;Footer: Записаться на приём;form390369521;Footer: Бесплатная консультация по телефону;form390369522;Записаться на лечение грыжи;form390369524;Перезвоните мне - Ловец лидов;;;;;;;;;;;;;;;;;;;;
https://gryzha-operaciya.ru/diastaz-bryushnoy-stenki;form281087811;Запись на прием: Кнопка в меню;form72851851;Записаться на прием: Диастаз;form71269784;Контакты: Связаться с нами;form72868013;Footer: Записаться на приём;form72891647;Footer: Бесплатная консультация по телефону;form251603300;Записаться на лечение грыжи;form346479543;Перезвоните мне - Ловец лидов;;;;;;;;;;;;;;;;;;
https://gryzha-operaciya.ru/diastaz-pryamyh-myshc;form390371915;Запись на прием: Кнопка в меню;form390372146;Контакты: Связаться с нами;form390369520;Footer: Записаться на приём;form390369521;Footer: Бесплатная консультация по телефону;form390369522;Записаться на лечение грыжи;form390369524;Перезвоните мне - Ловец лидов;;;;;;;;;;;;;;;;;;;;
https://gryzha-operaciya.ru/diastaz-pryamyh-myshc-zhivota-uprazhneniya-dlya-zhenshchin;form390371915;Запись на прием: Кнопка в меню;form390372146;Контакты: Связаться с нами;form390369520;Footer: Записаться на приём;form390369521;Footer: Бесплатная консультация по телефону;form390369522;Записаться на лечение грыжи;form390369524;Перезвоните мне - Ловец лидов;;;;;;;;;;;;;;;;;;;;
https://gryzha-operaciya.ru/dieta-pri-reflyuks-ehzofagite;form281087811;Запись на прием: Кнопка в меню;form71269784;Контакты: Связаться с нами;form72868013;Footer: Записаться на приём;form72891647;Footer: Бесплатная консультация по телефону;form251603300;Записаться на лечение грыжи;form346479543;Перезвоните мне - Ловец лидов;;;;;;;;;;;;;;;;;;;;
https://gryzha-operaciya.ru/doctors;form281087811;Запись на прием: Кнопка в меню;form390476248;Запись на приём к Нагаеву Р.М.;form390498208;Запись на приём к Мударисову Р.Р.;form390512633;Запись на приём к Мноян А.Х.;form390516716;Запись на приём к Старкову Г.А.;form71269784;Контакты: Связаться с нами;form72868013;Footer: Записаться на приём;form72891647;Footer: Бесплатная консультация по телефону;form251603300;Записаться на лечение грыжи;form346479543;Перезвоните мне - Ловец лидов;;;;;;;;;;;;
https://gryzha-operaciya.ru/ehrozivnyj-ehzofagit;form390371915;Запись на прием: Кнопка в меню;form390372146;Контакты: Связаться с нами;form390369520;Footer: Записаться на приём;form390369521;Footer: Бесплатная консультация по телефону;form390369522;Записаться на лечение грыжи;form390369524;Перезвоните мне - Ловец лидов;;;;;;;;;;;;;;;;;;;;
https://gryzha-operaciya.ru/georgii-aleksandrovich-starkov;form281087811;Запись на прием: Кнопка в меню;form386182331;Запись на приём к Старкову Г.А.;form386186313;Отправить отзыв о враче Старкове Г.А.;form71269784;Контакты: Связаться с нами;form72868013;Footer: Записаться на приём;form72891647;Footer: Бесплатная консультация по телефону;form251603300;Записаться на лечение грыжи;form346479543;Перезвоните мне - Ловец лидов;;;;;;;;;;;;;;;;
https://gryzha-operaciya.ru/gryzha-beloy-linii-jivota-udalit;form281087811;Запись на прием: Кнопка в меню;form72851763;Записаться на прием: Грыжа белой линии;form71269784;Контакты: Связаться с нами;form72868013;Footer: Записаться на приём;form72891647;Footer: Бесплатная консультация по телефону;form251603300;Записаться на лечение грыжи;form346479543;Перезвоните мне - Ловец лидов;;;;;;;;;;;;;;;;;;
https://gryzha-operaciya.ru/gryzha-pishchevoda;form281087811;Запись на прием: Кнопка в меню;form71269784;Контакты: Связаться с нами;form72868013;Footer: Записаться на приём;form72891647;Footer: Бесплатная консультация по телефону;form251603300;Записаться на лечение грыжи;form346479543;Перезвоните мне - Ловец лидов;;;;;;;;;;;;;;;;;;;;
https://gryzha-operaciya.ru/gryzha-pishchevoda-diafragmy-udalit;form281087811;Запись на прием: Кнопка в меню;form168469714;Записаться на прием: ГПОД;form71269784;Контакты: Связаться с нами;form72868013;Footer: Записаться на приём;form72891647;Footer: Бесплатная консультация по телефону;form251603300;Записаться на лечение грыжи;form346479543;Перезвоните мне - Ловец лидов;;;;;;;;;;;;;;;;;;
https://gryzha-operaciya.ru/gryzha-spigelevoy-linii-udalit;form281087811;Запись на прием: Кнопка в меню;form72851821;Записаться на прием: Грыжа спигелиевой линии;form71269784;Контакты: Связаться с нами;form72868013;Footer: Записаться на приём;form72891647;Footer: Бесплатная консультация по телефону;form251603300;Записаться на лечение грыжи;form346479543;Перезвоните мне - Ловец лидов;;;;;;;;;;;;;;;;;;
https://gryzha-operaciya.ru/gryzha-zheludka;form281087811;Запись на прием: Кнопка в меню;form71269784;Контакты: Связаться с нами;form72868013;Footer: Записаться на приём;form72891647;Footer: Бесплатная консультация по телефону;form251603300;Записаться на лечение грыжи;form346479543;Перезвоните мне - Ловец лидов;;;;;;;;;;;;;;;;;;;;
https://gryzha-operaciya.ru/gryzha-zhivota;form281087811;Запись на прием: Кнопка в меню;form71269784;Контакты: Связаться с нами;form72868013;Footer: Записаться на приём;form72891647;Footer: Бесплатная консультация по телефону;form251603300;Записаться на лечение грыжи;form346479543;Перезвоните мне - Ловец лидов;;;;;;;;;;;;;;;;;;;;
https://gryzha-operaciya.ru/gryzha-zhivota-u-muzhchin;form281087811;Запись на прием: Кнопка в меню;form71269784;Контакты: Связаться с нами;form72868013;Footer: Записаться на приём;form72891647;Footer: Бесплатная консультация по телефону;form251603300;Записаться на лечение грыжи;form346479543;Перезвоните мне - Ловец лидов;;;;;;;;;;;;;;;;;;;;
https://gryzha-operaciya.ru/kak-ubrat-zhivot-posle-rodov-kormyashchej-mame;form390371915;Запись на прием: Кнопка в меню;form390372146;Контакты: Связаться с нами;form390369520;Footer: Записаться на приём;form390369521;Footer: Бесплатная консультация по телефону;form390369522;Записаться на лечение грыжи;form390369524;Перезвоните мне - Ловец лидов;;;;;;;;;;;;;;;;;;;;
https://gryzha-operaciya.ru/kak-ubrat-zhivot-pri-diastaze;form281087811;Запись на прием: Кнопка в меню;form71269784;Контакты: Связаться с нами;form72868013;Footer: Записаться на приём;form72891647;Footer: Бесплатная консультация по телефону;form251603300;Записаться на лечение грыжи;form346479543;Перезвоните мне - Ловец лидов;;;;;;;;;;;;;;;;;;;;
https://gryzha-operaciya.ru/kakoj-vrach-opredelyaet-diastaz;form281087811;Запись на прием: Кнопка в меню;form71269784;Контакты: Связаться с нами;form72868013;Footer: Записаться на приём;form72891647;Footer: Бесплатная консультация по телефону;form251603300;Записаться на лечение грыжи;form346479543;Перезвоните мне - Ловец лидов;;;;;;;;;;;;;;;;;;;;
https://gryzha-operaciya.ru/kogda-prohodit-poloska-na-zhivote-posle-rodov;form390371915;Запись на прием: Кнопка в меню;form390372146;Контакты: Связаться с нами;form390369520;Footer: Записаться на приём;form390369521;Footer: Бесплатная консультация по телефону;form390369522;Записаться на лечение грыжи;form390369524;Перезвоните мне - Ловец лидов;;;;;;;;;;;;;;;;;;;;
https://gryzha-operaciya.ru/korset-pri-diastaze-myshc-zhivota;form390371915;Запись на прием: Кнопка в меню;form390372146;Контакты: Связаться с нами;form390369520;Footer: Записаться на приём;form390369521;Footer: Бесплатная консультация по телефону;form390369522;Записаться на лечение грыжи;form390369524;Перезвоните мне - Ловец лидов;;;;;;;;;;;;;;;;;;;;
https://gryzha-operaciya.ru/lechenie-pahovoj-gryzhi-bez-operacii;form281087811;Запись на прием: Кнопка в меню;form71269784;Контакты: Связаться с нами;form72868013;Footer: Записаться на приём;form72891647;Footer: Бесплатная консультация по телефону;form251603300;Записаться на лечение грыжи;form346479543;Перезвоните мне - Ловец лидов;;;;;;;;;;;;;;;;;;;;
https://gryzha-operaciya.ru/lechenie-pupochnoj-gryzhi-bez-operacii;form281087811;Запись на прием: Кнопка в меню;form71269784;Контакты: Связаться с нами;form72868013;Footer: Записаться на приём;form72891647;Footer: Бесплатная консультация по телефону;form251603300;Записаться на лечение грыжи;form346479543;Перезвоните мне - Ловец лидов;;;;;;;;;;;;;;;;;;;;
https://gryzha-operaciya.ru/mnoyan;form281087811;Запись на прием: Кнопка в меню;form378917878;Запись на приём к Мноян А.Х.;form382268342;Отправить отзыв о враче Мноян А.Х.;form71269784;Контакты: Связаться с нами;form72868013;Footer: Записаться на приём;form72891647;Footer: Бесплатная консультация по телефону;form251603300;Записаться на лечение грыжи;form346479543;Перезвоните мне - Ловец лидов;;;;;;;;;;;;;;;;
https://gryzha-operaciya.ru/mudarisov;form281087811;Запись на прием: Кнопка в меню;form385672595;Запись на приём к Мударисову Р.Р.;form385683751;Отправить отзыв о враче Мударисове Р.Р.;form71269784;Контакты: Связаться с нами;form72868013;Footer: Записаться на приём;form72891647;Footer: Бесплатная консультация по телефону;form251603300;Записаться на лечение грыжи;form346479543;Перезвоните мне - Ловец лидов;;;;;;;;;;;;;;;;
https://gryzha-operaciya.ru/muzhskoj-bandazh-dlya-pahovoj-gryzhi;form390371915;Запись на прием: Кнопка в меню;form390372146;Контакты: Связаться с нами;form390369520;Footer: Записаться на приём;form390369521;Footer: Бесплатная консультация по телефону;form390369522;Записаться на лечение грыжи;form390369524;Перезвоните мне - Ловец лидов;;;;;;;;;;;;;;;;;;;;
https://gryzha-operaciya.ru/otzyv;form281087811;Запись на прием: Кнопка в меню;form72851422;Консультация;form71269784;Контакты: Связаться с нами;form72868013;Footer: Записаться на приём;form72891647;Footer: Бесплатная консультация по телефону;form251603300;Записаться на лечение грыжи;form346479543;Перезвоните мне - Ловец лидов;;;;;;;;;;;;;;;;;;
https://gryzha-operaciya.ru/pahovaya-gryzha-u-muzhchin;form281087811;Запись на прием: Кнопка в меню;form71269784;Контакты: Связаться с нами;form72868013;Footer: Записаться на приём;form72891647;Footer: Бесплатная консультация по телефону;form251603300;Записаться на лечение грыжи;form346479543;Перезвоните мне - Ловец лидов;;;;;;;;;;;;;;;;;;;;
https://gryzha-operaciya.ru/pahovaya-gryzha-u-zhenshchin;form390371915;Запись на прием: Кнопка в меню;form390372146;Контакты: Связаться с нами;form390369520;Footer: Записаться на приём;form390369521;Footer: Бесплатная консультация по телефону;form390369522;Записаться на лечение грыжи;form390369524;Перезвоните мне - Ловец лидов;;;;;;;;;;;;;;;;;;;;
https://gryzha-operaciya.ru/pahovaya-gryzha-udalit;form281087811;Запись на прием: Кнопка в меню;form72851649;Записаться на прием: Операция паховой грыжи;form71269784;Контакты: Связаться с нами;form72868013;Footer: Записаться на приём;form72891647;Footer: Бесплатная консультация по телефону;form251603300;Записаться на лечение грыжи;form346479543;Перезвоните мне - Ловец лидов;;;;;;;;;;;;;;;;;;
https://gryzha-operaciya.ru/planka-pri-diastaze;form390371915;Запись на прием: Кнопка в меню;form390372146;Контакты: Связаться с нами;form390369520;Footer: Записаться на приём;form390369521;Footer: Бесплатная консультация по телефону;form390369522;Записаться на лечение грыжи;form390369524;Перезвоните мне - Ловец лидов;;;;;;;;;;;;;;;;;;;;
https://gryzha-operaciya.ru/posle-rodov-bolit-niz-zhivota;form390371915;Запись на прием: Кнопка в меню;form390372146;Контакты: Связаться с нами;form390369520;Footer: Записаться на приём;form390369521;Footer: Бесплатная консультация по телефону;form390369522;Записаться на лечение грыжи;form390369524;Перезвоните мне - Ловец лидов;;;;;;;;;;;;;;;;;;;;
https://gryzha-operaciya.ru/posleoperacionnaya-ventralnaya-gryzha-udalit;form281087811;Запись на прием: Кнопка в меню;form72851833;Записаться на прием: Послеоперационная грыжа;form71269784;Контакты: Связаться с нами;form72868013;Footer: Записаться на приём;form72891647;Footer: Бесплатная консультация по телефону;form251603300;Записаться на лечение грыжи;form346479543;Перезвоните мне - Ловец лидов;;;;;;;;;;;;;;;;;;
https://gryzha-operaciya.ru/pupochnaja-gryzha-u-vzroslyh;form281087811;Запись на прием: Кнопка в меню;form71269784;Контакты: Связаться с нами;form72868013;Footer: Записаться на приём;form72891647;Footer: Бесплатная консультация по телефону;form251603300;Записаться на лечение грыжи;form346479543;Перезвоните мне - Ловец лидов;;;;;;;;;;;;;;;;;;;;
https://gryzha-operaciya.ru/pupochnaya-grizha-u-zhenshin;form281087811;Запись на прием: Кнопка в меню;form71269784;Контакты: Связаться с нами;form72868013;Footer: Записаться на приём;form72891647;Footer: Бесплатная консультация по телефону;form251603300;Записаться на лечение грыжи;form346479543;Перезвоните мне - Ловец лидов;;;;;;;;;;;;;;;;;;;;
https://gryzha-operaciya.ru/pupochnaya-gryzha-posle-operacii;form281087811;Запись на прием: Кнопка в меню;form71269784;Контакты: Связаться с нами;form72868013;Footer: Записаться на приём;form72891647;Footer: Бесплатная консультация по телефону;form251603300;Записаться на лечение грыжи;form346479543;Перезвоните мне - Ловец лидов;;;;;;;;;;;;;;;;;;;;
https://gryzha-operaciya.ru/pupochnaya-gryzha-u-muzhchin;form281087811;Запись на прием: Кнопка в меню;form71269784;Контакты: Связаться с нами;form72868013;Footer: Записаться на приём;form72891647;Footer: Бесплатная консультация по телефону;form251603300;Записаться на лечение грыжи;form346479543;Перезвоните мне - Ловец лидов;;;;;;;;;;;;;;;;;;;;
https://gryzha-operaciya.ru/pupochnaya-gryzha-u-vzroslyh;form281087811;Запись на прием: Кнопка в меню;form71269784;Контакты: Связаться с нами;form72868013;Footer: Записаться на приём;form72891647;Footer: Бесплатная консультация по телефону;form251603300;Записаться на лечение грыжи;form346479543;Перезвоните мне - Ловец лидов;;;;;;;;;;;;;;;;;;;;
https://gryzha-operaciya.ru/pupochnaya-gryzha-udalit;form281087811;Запись на прием: Кнопка в меню;form72851692;Записаться на прием: Операция на пупочной грыже;form71269784;Контакты: Связаться с нами;form72868013;Footer: Записаться на приём;form72891647;Footer: Бесплатная консультация по телефону;form251603300;Записаться на лечение грыжи;form346479543;Перезвоните мне - Ловец лидов;;;;;;;;;;;;;;;;;;
https://gryzha-operaciya.ru/ravil-marlenovich-nagaev;form281087811;Запись на прием: Кнопка в меню;form387265252;Запись на приём к Нагаеву Р.М.;form387271210;Отправить отзыв о враче Нагаеве Р.М.;form71269784;Контакты: Связаться с нами;form72868013;Footer: Записаться на приём;form72891647;Footer: Бесплатная консультация по телефону;form251603300;Записаться на лечение грыжи;form346479543;Перезвоните мне - Ловец лидов;;;;;;;;;;;;;;;;
https://gryzha-operaciya.ru/reflyuks-ehzofagit;form390371915;Запись на прием: Кнопка в меню;form390372146;Контакты: Связаться с нами;form390369520;Footer: Записаться на приём;form390369521;Footer: Бесплатная консультация по телефону;form390369522;Записаться на лечение грыжи;form390369524;Перезвоните мне - Ловец лидов;;;;;;;;;;;;;;;;;;;;
https://gryzha-operaciya.ru/simptomy-ushchemleniya-gryzhi-zhivota;form390371915;Запись на прием: Кнопка в меню;form390372146;Контакты: Связаться с нами;form390369520;Footer: Записаться на приём;form390369521;Footer: Бесплатная консультация по телефону;form390369522;Записаться на лечение грыжи;form390369524;Перезвоните мне - Ловец лидов;;;;;;;;;;;;;;;;;;;;
https://gryzha-operaciya.ru/stoimost-operacii-po-udaleniyu-pahovoj-gryzhi;form281087811;Запись на прием: Кнопка в меню;form71269784;Контакты: Связаться с нами;form72868013;Footer: Записаться на приём;form72891647;Footer: Бесплатная консультация по телефону;form251603300;Записаться на лечение грыжи;form346479543;Перезвоните мне - Ловец лидов;;;;;;;;;;;;;;;;;;;;
https://gryzha-operaciya.ru/ubrat-rastyazhki-na-zhivote-posle-rodov;form390371915;Запись на прием: Кнопка в меню;form390372146;Контакты: Связаться с нами;form390369520;Footer: Записаться на приём;form390369521;Footer: Бесплатная консультация по телефону;form390369522;Записаться на лечение грыжи;form390369524;Перезвоните мне - Ловец лидов;;;;;;;;;;;;;;;;;;;;
https://gryzha-operaciya.ru/ubrat-zhivot-posle-rodov-v-domashnih-usloviyah;form390371915;Запись на прием: Кнопка в меню;form390372146;Контакты: Связаться с нами;form390369520;Footer: Записаться на приём;form390369521;Footer: Бесплатная консультация по телефону;form390369522;Записаться на лечение грыжи;form390369524;Перезвоните мне - Ловец лидов;;;;;;;;;;;;;;;;;;;;
https://gryzha-operaciya.ru/udalenie-gryzhi-beloj-linii-zhivota;form281087811;Запись на прием: Кнопка в меню;form71269784;Контакты: Связаться с нами;form72868013;Footer: Записаться на приём;form72891647;Footer: Бесплатная консультация по телефону;form251603300;Записаться на лечение грыжи;form346479543;Перезвоните мне - Ловец лидов;;;;;;;;;;;;;;;;;;;;
https://gryzha-operaciya.ru/udalenie-gryzhi-zhivota;form390371915;Запись на прием: Кнопка в меню;form390372146;Контакты: Связаться с нами;form390369520;Footer: Записаться на приём;form390369521;Footer: Бесплатная консультация по телефону;form390369522;Записаться на лечение грыжи;form390369524;Перезвоните мне - Ловец лидов;;;;;;;;;;;;;;;;;;;;
https://gryzha-operaciya.ru/udalenie-pupochnoi-grizhi-ceny;form281087811;Запись на прием: Кнопка в меню;form71269784;Контакты: Связаться с нами;form72868013;Footer: Записаться на приём;form72891647;Footer: Бесплатная консультация по телефону;form251603300;Записаться на лечение грыжи;form346479543;Перезвоните мне - Ловец лидов;;;;;;;;;;;;;;;;;;;;
https://gryzha-operaciya.ru/udalenie-pupochnoj-grizhi;form281087811;Запись на прием: Кнопка в меню;form166427585;Консультация;form71269784;Контакты: Связаться с нами;form72868013;Footer: Записаться на приём;form72891647;Footer: Бесплатная консультация по телефону;form251603300;Записаться на лечение грыжи;form346479543;Перезвоните мне - Ловец лидов;;;;;;;;;;;;;;;;;;
https://gryzha-operaciya.ru/uprazhneniya-pri-diastaze;form281087811;Запись на прием: Кнопка в меню;form71269784;Контакты: Связаться с нами;form72868013;Footer: Записаться на приём;form72891647;Footer: Бесплатная консультация по телефону;form251603300;Записаться на лечение грыжи;form346479543;Перезвоните мне - Ловец лидов;;;;;;;;;;;;;;;;;;;;
https://gryzha-operaciya.ru/ushchemlennaya-pupochnaya-gryzha;form281087811;Запись на прием: Кнопка в меню;form71269784;Контакты: Связаться с нами;form72868013;Footer: Записаться на приём;form72891647;Footer: Бесплатная консультация по телефону;form251603300;Записаться на лечение грыжи;form346479543;Перезвоните мне - Ловец лидов;;;;;;;;;;;;;;;;;;;;
https://gryzha-operaciya.ru/vakuum-pri-diastaze;form281087811;Запись на прием: Кнопка в меню;form71269784;Контакты: Связаться с нами;form72868013;Footer: Записаться на приём;form72891647;Footer: Бесплатная консультация по телефону;form251603300;Записаться на лечение грыжи;form346479543;Перезвоните мне - Ловец лидов;;;;;;;;;;;;;;;;;;;;
https://gryzha-operaciya.ru/ventralnaya-gryzha;form281087811;Запись на прием: Кнопка в меню;form71269784;Контакты: Связаться с нами;form72868013;Footer: Записаться на приём;form72891647;Footer: Бесплатная консультация по телефону;form251603300;Записаться на лечение грыжи;form346479543;Перезвоните мне - Ловец лидов;;;;;;;;;;;;;;;;;;;;
https://gryzha-operaciya.ru/zhivot-posle-rodov;form390371915;Запись на прием: Кнопка в меню;form390372146;Контакты: Связаться с нами;form390369520;Footer: Записаться на приём;form390369521;Footer: Бесплатная консультация по телефону;form390369522;Записаться на лечение грыжи;form390369524;Перезвоните мне - Ловец лидов;;;;;;;;;;;;;;;;;;;;
https://klinikaboli.ru/;form346297444;Записаться - Меню на Главной;form43453901;form43476935;form184473468;form184372095;form184474564;form43556791;form184475724;form43661934;form389674422;Перезвоните мне - Ловец лидов;;;;;;;;;;;;;;;;;;;;
https://klinikaboli.ru/abramova;form184460958;Записаться на приём. Заявка из поп-апа - Header;form326385938;Перезвоните мне - Ловец лидов;;;;;;;;;;;;;;;;;;;;;;;;;;;;
https://klinikaboli.ru/blokada-boli-pri-grizhe;form184460958;Записаться на приём. Заявка из поп-апа - Header;form326385938;Перезвоните мне - Ловец лидов;;;;;;;;;;;;;;;;;;;;;;;;;;;;
https://klinikaboli.ru/blokada-kisti;form184460958;Записаться на приём. Заявка из поп-апа - Header;form326385938;Перезвоните мне - Ловец лидов;;;;;;;;;;;;;;;;;;;;;;;;;;;;
https://klinikaboli.ru/blokada-lidokainom;form184460958;Записаться на приём. Заявка из поп-апа - Header;form326385938;Перезвоните мне - Ловец лидов;;;;;;;;;;;;;;;;;;;;;;;;;;;;
https://klinikaboli.ru/blokada-nosa;form184460958;Записаться на приём. Заявка из поп-апа - Header;form326385938;Перезвоните мне - Ловец лидов;;;;;;;;;;;;;;;;;;;;;;;;;;;;
https://klinikaboli.ru/blokada-plechevogo-spleteniya;form184460958;Записаться на приём. Заявка из поп-апа - Header;form326385938;Перезвоните мне - Ловец лидов;;;;;;;;;;;;;;;;;;;;;;;;;;;;
https://klinikaboli.ru/blokada-plechevogo-spleteniya-po-kulenkampfu;form184460958;Записаться на приём. Заявка из поп-апа - Header;form326385938;Перезвоните мне - Ловец лидов;;;;;;;;;;;;;;;;;;;;;;;;;;;;
https://klinikaboli.ru/blokada-plechevogo-sustava;form184460958;Записаться на приём. Заявка из поп-апа - Header;form326385938;Перезвоните мне - Ловец лидов;;;;;;;;;;;;;;;;;;;;;;;;;;;;
https://klinikaboli.ru/blokada-poyasnichnogo-otdela-diprospanom;form184460958;Записаться на приём. Заявка из поп-апа - Header;form326385938;Перезвоните мне - Ловец лидов;;;;;;;;;;;;;;;;;;;;;;;;;;;;
https://klinikaboli.ru/blokada-pri-artroze;form184460958;Записаться на приём. Заявка из поп-апа - Header;form326385938;Перезвоните мне - Ловец лидов;;;;;;;;;;;;;;;;;;;;;;;;;;;;
https://klinikaboli.ru/blokada-pri-osteohondroze;form184460958;Записаться на приём. Заявка из поп-апа - Header;form326385938;Перезвоните мне - Ловец лидов;;;;;;;;;;;;;;;;;;;;;;;;;;;;
https://klinikaboli.ru/blokada-pri-shejnom-osteohondroze;form184460958;Записаться на приём. Заявка из поп-апа - Header;form326385938;Перезвоните мне - Ловец лидов;;;;;;;;;;;;;;;;;;;;;;;;;;;;
https://klinikaboli.ru/blokada-pri-sindrome-grushevidnoj-myshcy;form184460958;Записаться на приём. Заявка из поп-апа - Header;form326385938;Перезвоните мне - Ловец лидов;;;;;;;;;;;;;;;;;;;;;;;;;;;;
https://klinikaboli.ru/blokada-s-deksametazonom;form184460958;Записаться на приём. Заявка из поп-апа - Header;form326385938;Перезвоните мне - Ловец лидов;;;;;;;;;;;;;;;;;;;;;;;;;;;;
https://klinikaboli.ru/blokada-s-diprospanom;form184460958;Записаться на приём. Заявка из поп-апа - Header;form326385938;Перезвоните мне - Ловец лидов;;;;;;;;;;;;;;;;;;;;;;;;;;;;
https://klinikaboli.ru/blokada-sedalishchnogo-nerva;form184460958;Записаться на приём. Заявка из поп-апа - Header;form326385938;Перезвоните мне - Ловец лидов;;;;;;;;;;;;;;;;;;;;;;;;;;;;
https://klinikaboli.ru/blokada-shpory-diprospanom;form184460958;Записаться на приём. Заявка из поп-апа - Header;form326385938;Перезвоните мне - Ловец лидов;;;;;;;;;;;;;;;;;;;;;;;;;;;;
https://klinikaboli.ru/blokada-sustava-diprospanom;form184460958;Записаться на приём. Заявка из поп-апа - Header;form326385938;Перезвоните мне - Ловец лидов;;;;;;;;;;;;;;;;;;;;;;;;;;;;
https://klinikaboli.ru/blokada-tazobedrennogo-sustava;form184460958;Записаться на приём. Заявка из поп-апа - Header;form326385938;Перезвоните мне - Ловец лидов;;;;;;;;;;;;;;;;;;;;;;;;;;;;
https://klinikaboli.ru/cena-ehpiduralnoj-blokady;form184460958;Записаться на приём. Заявка из поп-апа - Header;form326385938;Перезвоните мне - Ловец лидов;;;;;;;;;;;;;;;;;;;;;;;;;;;;
https://klinikaboli.ru/chto-takoe-blokada-v-medicine;form184460958;Записаться на приём. Заявка из поп-апа - Header;form326385938;Перезвоните мне - Ловец лидов;;;;;;;;;;;;;;;;;;;;;;;;;;;;
https://klinikaboli.ru/ehpiduralnaya-blokada;form184460958;Записаться на приём. Заявка из поп-апа - Header;form326385938;Перезвоните мне - Ловец лидов;;;;;;;;;;;;;;;;;;;;;;;;;;;;
https://klinikaboli.ru/fasetochnaya-blokada;form184460958;Записаться на приём. Заявка из поп-апа - Header;form326385938;Перезвоните мне - Ловец лидов;;;;;;;;;;;;;;;;;;;;;;;;;;;;
https://klinikaboli.ru/kak-provodyat-blokadu-trojnichnogo-nerva;form184460958;Записаться на приём. Заявка из поп-апа - Header;form326385938;Перезвоните мне - Ловец лидов;;;;;;;;;;;;;;;;;;;;;;;;;;;;
https://klinikaboli.ru/karboksiterapiya-gazovye-ukoly-dlya-spiny-i-sustavov-v-moskve;form184460958;Записаться на приём. Заявка из поп-апа - Header;form326385938;Перезвоните мне - Ловец лидов;;;;;;;;;;;;;;;;;;;;;;;;;;;;
https://klinikaboli.ru/kazancev;form184460958;Записаться на приём. Заявка из поп-апа - Header;form326385938;Перезвоните мне - Ловец лидов;;;;;;;;;;;;;;;;;;;;;;;;;;;;
https://klinikaboli.ru/kosova;form184460958;Записаться на приём. Заявка из поп-апа - Header;form326385938;Перезвоните мне - Ловец лидов;;;;;;;;;;;;;;;;;;;;;;;;;;;;
https://klinikaboli.ru/kupriyanova;form184460958;Записаться на приём. Заявка из поп-апа - Header;form326385938;Перезвоните мне - Ловец лидов;;;;;;;;;;;;;;;;;;;;;;;;;;;;
https://klinikaboli.ru/lechenie-gryzhi-pozvonochnika-v-moskve;form184460958;Записаться на приём. Заявка из поп-апа - Header;form326385938;Перезвоните мне - Ловец лидов;;;;;;;;;;;;;;;;;;;;;;;;;;;;
https://klinikaboli.ru/novokainovaya-blokada;form184460958;Записаться на приём. Заявка из поп-апа - Header;form326385938;Перезвоните мне - Ловец лидов;;;;;;;;;;;;;;;;;;;;;;;;;;;;
https://klinikaboli.ru/novokainovaya-blokada-pozvonochnika;form184460958;Записаться на приём. Заявка из поп-апа - Header;form326385938;Перезвоните мне - Ловец лидов;;;;;;;;;;;;;;;;;;;;;;;;;;;;
https://klinikaboli.ru/novokainovaya-blokada-pri-ishiase;form184460958;Записаться на приём. Заявка из поп-апа - Header;form326385938;Перезвоните мне - Ловец лидов;;;;;;;;;;;;;;;;;;;;;;;;;;;;
https://klinikaboli.ru/novokainovye-blokady-cena;form184460958;Записаться на приём. Заявка из поп-апа - Header;form326385938;Перезвоните мне - Ловец лидов;;;;;;;;;;;;;;;;;;;;;;;;;;;;
https://klinikaboli.ru/simferopol/;;;;;;;;;;;;;;;;;;;;;;;;;;;;;;;;
https://klinikaboli.ru/tarasov;form184460958;Записаться на приём. Заявка из поп-апа - Header;form326385938;Перезвоните мне - Ловец лидов;;;;;;;;;;;;;;;;;;;;;;;;;;;;
https://klinikaboli.ru/tekhnika-provedeniya-paravertebralnoj-blokady;form184460958;Записаться на приём. Заявка из поп-апа - Header;form326385938;Перезвоните мне - Ловец лидов;;;;;;;;;;;;;;;;;;;;;;;;;;;;
https://klinikaboli.ru/ukoly-ot-spiny-diklofenak;form184460958;Записаться на приём. Заявка из поп-апа - Header;form326385938;Перезвоните мне - Ловец лидов;;;;;;;;;;;;;;;;;;;;;;;;;;;;
https://klinikaboli.ru/ukoly-ot-zashchemleniya-nerva-v-poyasnice;form184460958;Записаться на приём. Заявка из поп-апа - Header;form326385938;Перезвоните мне - Ловец лидов;;;;;;;;;;;;;;;;;;;;;;;;;;;;
https://klinikaboli.ru/ukoly-pri-bolyah-v-pochkah;form184460958;Записаться на приём. Заявка из поп-апа - Header;form326385938;Перезвоните мне - Ловец лидов;;;;;;;;;;;;;;;;;;;;;;;;;;;;
https://klinikaboli.ru/ukoly-pri-gryzhe-pozvonochnika;form184460958;Записаться на приём. Заявка из поп-апа - Header;form326385938;Перезвоните мне - Ловец лидов;;;;;;;;;;;;;;;;;;;;;;;;;;;;
https://klinikaboli.ru/ukoly-pri-osteohondroze;form184460958;Записаться на приём. Заявка из поп-апа - Header;form326385938;Перезвоните мне - Ловец лидов;;;;;;;;;;;;;;;;;;;;;;;;;;;;
https://klinikaboli.ru/ukoly-pri-osteohondroze-poyasnichnogo-otdela;form184460958;Записаться на приём. Заявка из поп-апа - Header;form326385938;Перезвоните мне - Ловец лидов;;;;;;;;;;;;;;;;;;;;;;;;;;;;
https://klinikaboli.ru/ukoly-pri-radikulite-i-bolyah-v-spine;form184460958;Записаться на приём. Заявка из поп-апа - Header;form326385938;Перезвоните мне - Ловец лидов;;;;;;;;;;;;;;;;;;;;;;;;;;;;
https://klinikaboli.ru/vahromeeva;form184460958;Записаться на приём. Заявка из поп-апа - Header;form326385938;Перезвоните мне - Ловец лидов;;;;;;;;;;;;;;;;;;;;;;;;;;;;
https://klinikaboli.ru/vidy-novokainovyh-blokad;form184460958;Записаться на приём. Заявка из поп-апа - Header;form326385938;Перезвоните мне - Ловец лидов;;;;;;;;;;;;;;;;;;;;;;;;;;;;
https://klinikaboli.ru/vnutrisustavnaya-blokada;form184460958;Записаться на приём. Заявка из поп-апа - Header;form326385938;Перезвоните мне - Ловец лидов;;;;;;;;;;;;;;;;;;;;;;;;;;;;
https://laparoskopiya.ru/;form162444545;Записаться на приём. Заявка из поп-апа - Header;form337889981;Заявка на обратный звонок. Заявка из поп-апа - Header;form339765983;Узнать цену холецистэктомии из Статьи;form346684300;Перезвоните мне. Ловец лидов;form183628784;Заявка из поп-апа - 2 экран: Записаться на приём к врачу;form183622378;Заявка из поп-апа - 2 Экран: Узнать цены;form65235014;Что потребуется перед операцией;form183620916;Бесплатная консультация по телефону: Заказать консультацию;form65235035;Отправлен Отзыв;form183642926;Блок Цен: Записаться на приём к врачу;form183643278;Блок Цен: Узнать цены;form65235045;Контакты: Связаться с нами;;;;;;;;
https://laparoskopiya.ru/adenomioz;form162444545;Записаться на приём. Заявка из поп-апа - Header;form337889981;Заявка на обратный звонок. Заявка из поп-апа - Header;form339765983;Узнать цену холецистэктомии из Статьи;form346684300;Перезвоните мне. Ловец лидов;form391839446;Аденомиоз: Записаться к врачу;form391865670;Аденомиоз: Запись к гинекологу;;;;;;;;;;;;;;;;;;;;
https://laparoskopiya.ru/appointment;form162444545;Записаться на приём. Заявка из поп-апа - Header;form337889981;Заявка на обратный звонок. Заявка из поп-апа - Header;form339765983;Узнать цену холецистэктомии из Статьи;form346684300;Перезвоните мне. Ловец лидов;form367810956;Онлайн запись на прием к врачу;;;;;;;;;;;;;;;;;;;;;;
https://laparoskopiya.ru/articles;form162444545;Записаться на приём. Заявка из поп-апа - Header;form337889981;Заявка на обратный звонок. Заявка из поп-апа - Header;form339765983;Узнать цену холецистэктомии из Статьи;form346684300;Перезвоните мне. Ловец лидов;;;;;;;;;;;;;;;;;;;;;;;;
https://laparoskopiya.ru/bol-v-pravom-podrebere;form162444545;Записаться на приём. Заявка из поп-апа - Header;form337889981;Заявка на обратный звонок. Заявка из поп-апа - Header;form339765983;Узнать цену холецистэктомии из Статьи;form346684300;Перезвоните мне. Ловец лидов;;;;;;;;;;;;;;;;;;;;;;;;
https://laparoskopiya.ru/bolnichnyj-posle-udaleniya-zhelchnogo-puzyrya;form390355682;Записаться на приём. Заявка из поп-апа - Header;form390355683;Заявка на обратный звонок. Заявка из поп-апа - Header;form390355684;Записаться на ОНЛАЙН консультацию. Из поп-апа - Header;form390355685;Узнать цену холецистэктомии из Статьи;form390355686;Перезвоните мне. Ловец лидов;;;;;;;;;;;;;;;;;;;;;;
https://laparoskopiya.ru/doctors;form162444545;Записаться на приём. Заявка из поп-апа - Header;form337889981;Заявка на обратный звонок. Заявка из поп-апа - Header;form339765983;Узнать цену холецистэктомии из Статьи;form346684300;Перезвоните мне. Ловец лидов;form367303823;Запись на приём к Мударисову Р.Р.;form367405687;Запись на приём к Мноян А.Х.;form367408591;Запись на приём к Нагаеву Р.М.;form401613450;Запись на приём к Старкову Г.А.;form367415700;Запись на приём к Ласкевич А.В.;;;;;;;;;;;;;;
https://laparoskopiya.ru/gisterektomiya;form162444545;Записаться на приём. Заявка из поп-апа - Header;form337889981;Заявка на обратный звонок. Заявка из поп-апа - Header;form339765983;Узнать цену холецистэктомии из Статьи;form346684300;Перезвоните мне. Ловец лидов;;;;;;;;;;;;;;;;;;;;;;;;
https://laparoskopiya.ru/holecistektomiya;form162444545;Записаться на приём. Заявка из поп-апа - Header;form337889981;Заявка на обратный звонок. Заявка из поп-апа - Header;form339765983;Узнать цену холецистэктомии из Статьи;form346684300;Перезвоните мне. Ловец лидов;;;;;;;;;;;;;;;;;;;;;;;;
https://laparoskopiya.ru/kak-vilechit-holetcistit-navsegda;form162444545;Записаться на приём. Заявка из поп-апа - Header;form337889981;Заявка на обратный звонок. Заявка из поп-апа - Header;form339765983;Узнать цену холецистэктомии из Статьи;form346684300;Перезвоните мне. Ловец лидов;;;;;;;;;;;;;;;;;;;;;;;;
https://laparoskopiya.ru/kalkuleznyj-holecistit;form390355682;Записаться на приём. Заявка из поп-апа - Header;form390355683;Заявка на обратный звонок. Заявка из поп-апа - Header;form390355684;Записаться на ОНЛАЙН консультацию. Из поп-апа - Header;form390355685;Узнать цену холецистэктомии из Статьи;form390355686;Перезвоните мне. Ловец лидов;;;;;;;;;;;;;;;;;;;;;;
https://laparoskopiya.ru/kamni-v-zhelchnom-puzyre;form390355682;Записаться на приём. Заявка из поп-апа - Header;form390355683;Заявка на обратный звонок. Заявка из поп-апа - Header;form390355684;Записаться на ОНЛАЙН консультацию. Из поп-апа - Header;form390355685;Узнать цену холецистэктомии из Статьи;form390355686;Перезвоните мне. Ловец лидов;;;;;;;;;;;;;;;;;;;;;;
https://laparoskopiya.ru/kista-yaichnika;form162444545;Записаться на приём. Заявка из поп-апа - Header;form337889981;Заявка на обратный звонок. Заявка из поп-апа - Header;form339765983;Узнать цену холецистэктомии из Статьи;form346684300;Перезвоните мне. Ловец лидов;;;;;;;;;;;;;;;;;;;;;;;;
https://laparoskopiya.ru/laparoscopic-cholecystectomy;form162444545;Записаться на приём. Заявка из поп-апа - Header;form337889981;Заявка на обратный звонок. Заявка из поп-апа - Header;form339765983;Узнать цену холецистэктомии из Статьи;form346684300;Перезвоните мне. Ловец лидов;form360197234;Запись на прием;form360205615;Обратный звонок;form360213201;Запись на прием к Мударисову;form360214697;Запись на прием к Мнояну;form360227356;Запись на прием к Нагаеву;form360228726;Цточнить цену Холецистэктомии. Блок цен;form391341788;Запись на прием к Старкову;;;;;;;;;;
https://laparoskopiya.ru/laparoskopiya;form162444545;Записаться на приём. Заявка из поп-апа - Header;form337889981;Заявка на обратный звонок. Заявка из поп-апа - Header;form339765983;Узнать цену холецистэктомии из Статьи;form346684300;Перезвоните мне. Ловец лидов;form401367027;Запись к врачу;;;;;;;;;;;;;;;;;;;;;;
https://laparoskopiya.ru/laparoskopiya-matki;form162444545;Записаться на приём. Заявка из поп-апа - Header;form337889981;Заявка на обратный звонок. Заявка из поп-апа - Header;form339765983;Узнать цену холецистэктомии из Статьи;form346684300;Перезвоните мне. Ловец лидов;form395116409;Лапароскопия матки: Запись к гинекологу;;;;;;;;;;;;;;;;;;;;;;
https://laparoskopiya.ru/laskevich-anastasia-vladimirovna;form162444545;Записаться на приём. Заявка из поп-апа - Header;form337889981;Заявка на обратный звонок. Заявка из поп-апа - Header;form339765983;Узнать цену холецистэктомии из Статьи;form346684300;Перезвоните мне. Ловец лидов;form390750570;Запись на приём к Ласкевич А.В.;form390750583;Отправить отзыв о враче Ласкевич А.В.;;;;;;;;;;;;;;;;;;;;
https://laparoskopiya.ru/mnoyan;form162444545;Записаться на приём. Заявка из поп-апа - Header;form337889981;Заявка на обратный звонок. Заявка из поп-апа - Header;form339765983;Узнать цену холецистэктомии из Статьи;form346684300;Перезвоните мне. Ловец лидов;form365104292;Запись на приём к Мноян А.Х.;form365104301;Отправить отзыв о враче Мноян А.Х.;;;;;;;;;;;;;;;;;;;;
https://laparoskopiya.ru/mudarisov;form162444545;Записаться на приём. Заявка из поп-апа - Header;form337889981;Заявка на обратный звонок. Заявка из поп-апа - Header;form339765983;Узнать цену холецистэктомии из Статьи;form346684300;Перезвоните мне. Ловец лидов;form365412191;Запись на приём к Мударисову Р.Р.;form365412204;Отправить отзыв о враче Мударисове Р.Р.;;;;;;;;;;;;;;;;;;;;
https://laparoskopiya.ru/nagaev;form162444545;Записаться на приём. Заявка из поп-апа - Header;form337889981;Заявка на обратный звонок. Заявка из поп-апа - Header;form339765983;Узнать цену холецистэктомии из Статьи;form346684300;Перезвоните мне. Ловец лидов;form366526139;Запись на приём к Нагаеву Р.М.;form366526152;Отправить отзыв о враче Нагаеве Р.М.;;;;;;;;;;;;;;;;;;;;
https://laparoskopiya.ru/narkoz-pri-laparoskopii;form390355682;Записаться на приём. Заявка из поп-апа - Header;form390355683;Заявка на обратный звонок. Заявка из поп-апа - Header;form390355684;Записаться на ОНЛАЙН консультацию. Из поп-апа - Header;form390355685;Узнать цену холецистэктомии из Статьи;form390355686;Перезвоните мне. Ловец лидов;;;;;;;;;;;;;;;;;;;;;;
https://laparoskopiya.ru/ne-rabotaet-zhelchnyj-puzyr;form162444545;Записаться на приём. Заявка из поп-апа - Header;form337889981;Заявка на обратный звонок. Заявка из поп-апа - Header;form339765983;Узнать цену холецистэктомии из Статьи;form346684300;Перезвоните мне. Ловец лидов;;;;;;;;;;;;;;;;;;;;;;;;
https://laparoskopiya.ru/neprohodimost-matochnyh-trub;form162444545;Записаться на приём. Заявка из поп-апа - Header;form337889981;Заявка на обратный звонок. Заявка из поп-апа - Header;form339765983;Узнать цену холецистэктомии из Статьи;form346684300;Перезвоните мне. Ловец лидов;;;;;;;;;;;;;;;;;;;;;;;;
https://laparoskopiya.ru/ostryj-holecistit;form390355682;Записаться на приём. Заявка из поп-апа - Header;form390355683;Заявка на обратный звонок. Заявка из поп-апа - Header;form390355684;Записаться на ОНЛАЙН консультацию. Из поп-апа - Header;form390355685;Узнать цену холецистэктомии из Статьи;form390355686;Перезвоните мне. Ловец лидов;;;;;;;;;;;;;;;;;;;;;;
https://laparoskopiya.ru/perekrut-yaichnika;form162444545;Записаться на приём. Заявка из поп-апа - Header;form337889981;Заявка на обратный звонок. Заявка из поп-апа - Header;form339765983;Узнать цену холецистэктомии из Статьи;form346684300;Перезвоните мне. Ловец лидов;form390841089;Перекрут яичника. Запись к гинекологу;;;;;;;;;;;;;;;;;;;;;;
https://laparoskopiya.ru/phehs;form390355682;Записаться на приём. Заявка из поп-апа - Header;form390355683;Заявка на обратный звонок. Заявка из поп-апа - Header;form390355684;Записаться на ОНЛАЙН консультацию. Из поп-апа - Header;form390355685;Узнать цену холецистэктомии из Статьи;form390355686;Перезвоните мне. Ловец лидов;;;;;;;;;;;;;;;;;;;;;;
https://laparoskopiya.ru/pitanie-posle-udaleniya-zhelchnogo-puzyrya;form162444545;Записаться на приём. Заявка из поп-апа - Header;form337889981;Заявка на обратный звонок. Заявка из поп-апа - Header;form339765983;Узнать цену холецистэктомии из Статьи;form346684300;Перезвоните мне. Ловец лидов;;;;;;;;;;;;;;;;;;;;;;;;
https://laparoskopiya.ru/polip-v-matke;form162444545;Записаться на приём. Заявка из поп-апа - Header;form337889981;Заявка на обратный звонок. Заявка из поп-апа - Header;form339765983;Узнать цену холецистэктомии из Статьи;form346684300;Перезвоните мне. Ловец лидов;;;;;;;;;;;;;;;;;;;;;;;;
https://laparoskopiya.ru/polipy-v-zhelchnom-puzyre;form162444545;Записаться на приём. Заявка из поп-апа - Header;form337889981;Заявка на обратный звонок. Заявка из поп-апа - Header;form339765983;Узнать цену холецистэктомии из Статьи;form346684300;Перезвоните мне. Ловец лидов;;;;;;;;;;;;;;;;;;;;;;;;
https://laparoskopiya.ru/posleoperacionnyj-period-posle-udaleniya-puzyrya;form390355682;Записаться на приём. Заявка из поп-апа - Header;form390355683;Заявка на обратный звонок. Заявка из поп-апа - Header;form390355684;Записаться на ОНЛАЙН консультацию. Из поп-апа - Header;form390355685;Узнать цену холецистэктомии из Статьи;form390355686;Перезвоните мне. Ловец лидов;;;;;;;;;;;;;;;;;;;;;;
https://laparoskopiya.ru/pristup-holecistita;form390355682;Записаться на приём. Заявка из поп-апа - Header;form390355683;Заявка на обратный звонок. Заявка из поп-апа - Header;form390355684;Записаться на ОНЛАЙН консультацию. Из поп-апа - Header;form390355685;Узнать цену холецистэктомии из Статьи;form390355686;Перезвоните мне. Ловец лидов;;;;;;;;;;;;;;;;;;;;;;
https://laparoskopiya.ru/rezekciya-geludka-dlya-pohudeniya;form162444545;Записаться на приём. Заявка из поп-апа - Header;form337889981;Заявка на обратный звонок. Заявка из поп-апа - Header;form339765983;Узнать цену холецистэктомии из Статьи;form346684300;Перезвоните мне. Ловец лидов;form395071174;Запись к хирургу бариатрия;form395075115;Запись к хирургу на абдоминопластику;;;;;;;;;;;;;;;;;;;;
https://laparoskopiya.ru/skolko-stoit-operaciya-po-udaleniy-gelchnogo;form162444545;Записаться на приём. Заявка из поп-апа - Header;form337889981;Заявка на обратный звонок. Заявка из поп-апа - Header;form339765983;Узнать цену холецистэктомии из Статьи;form346684300;Перезвоните мне. Ловец лидов;;;;;;;;;;;;;;;;;;;;;;;;
https://laparoskopiya.ru/spaechnaya-bolezn;form162444545;Записаться на приём. Заявка из поп-апа - Header;form337889981;Заявка на обратный звонок. Заявка из поп-апа - Header;form339765983;Узнать цену холецистэктомии из Статьи;form346684300;Перезвоните мне. Ловец лидов;;;;;;;;;;;;;;;;;;;;;;;;
https://laparoskopiya.ru/starkov-georgii-aleksandrovich;form162444545;Записаться на приём. Заявка из поп-апа - Header;form337889981;Заявка на обратный звонок. Заявка из поп-апа - Header;form339765983;Узнать цену холецистэктомии из Статьи;form346684300;Перезвоните мне. Ловец лидов;form366722484;Запись на приём к Старкову Г.А.;form366722497;Отправить отзыв о враче Старкове Г.А.;;;;;;;;;;;;;;;;;;;;
https://laparoskopiya.ru/udalenie-polipa-v-matke;form162444545;Записаться на приём. Заявка из поп-апа - Header;form337889981;Заявка на обратный звонок. Заявка из поп-апа - Header;form339765983;Узнать цену холецистэктомии из Статьи;form346684300;Перезвоните мне. Ловец лидов;form392946460;Запись к гинекологу;form392804921;Запись к гинекологу;;;;;;;;;;;;;;;;;;;;
https://laparoskopiya.ru/utolshchenie-stenok-zhelchnogo-puzyrya;form390355682;Записаться на приём. Заявка из поп-апа - Header;form390355683;Заявка на обратный звонок. Заявка из поп-апа - Header;form390355684;Записаться на ОНЛАЙН консультацию. Из поп-апа - Header;form390355685;Узнать цену холецистэктомии из Статьи;form390355686;Перезвоните мне. Ловец лидов;;;;;;;;;;;;;;;;;;;;;;
https://laparoskopiya.ru/uzi-brjushnoi-polosti;form162444545;Записаться на приём. Заявка из поп-апа - Header;form337889981;Заявка на обратный звонок. Заявка из поп-апа - Header;form339765983;Узнать цену холецистэктомии из Статьи;form346684300;Перезвоните мне. Ловец лидов;form393277480;Запись на УЗИ;;;;;;;;;;;;;;;;;;;;;;
https://laparoskopiya.ru/vospalenie-zhelchnogo-puzyrya;form162444545;Записаться на приём. Заявка из поп-апа - Header;form337889981;Заявка на обратный звонок. Заявка из поп-апа - Header;form339765983;Узнать цену холецистэктомии из Статьи;form346684300;Перезвоните мне. Ловец лидов;;;;;;;;;;;;;;;;;;;;;;;;
https://laparoskopiya.ru/zhelchekamennaya-bolezn;form390355682;Записаться на приём. Заявка из поп-апа - Header;form390355683;Заявка на обратный звонок. Заявка из поп-апа - Header;form390355684;Записаться на ОНЛАЙН консультацию. Из поп-апа - Header;form390355685;Узнать цену холецистэктомии из Статьи;form390355686;Перезвоните мне. Ловец лидов;;;;;;;;;;;;;;;;;;;;;;
https://laparoskopiya.ru/zhelchnyj-puzyr;form390355682;Записаться на приём. Заявка из поп-апа - Header;form390355683;Заявка на обратный звонок. Заявка из поп-апа - Header;form390355684;Записаться на ОНЛАЙН консультацию. Из поп-апа - Header;form390355685;Узнать цену холецистэктомии из Статьи;form390355686;Перезвоните мне. Ловец лидов;;;;;;;;;;;;;;;;;;;;;;
https://port-sistema.ru/;form39638482;form170078149;Бесплатная консультация;form48738868;form170079296;form170080439;form39638522;Отзыв;form48257003;form39638528;form170083738;form389672228;Ловец лидов;;;;;;;;;;;;;;;;;;;
https://port-sistema.ru/cena-na-port-dlya-himioterapii;form389672228;Ловец лидов;;;;;;;;;;;;;;;;;;;;;;;;;;;;;;
https://port-sistema.ru/cena-ustanovki-porta-dlya-himioterapii;form389672228;Ловец лидов;;;;;;;;;;;;;;;;;;;;;;;;;;;;;;
https://port-sistema.ru/gde-kupit-port-sistemu;form389672228;Ловец лидов;;;;;;;;;;;;;;;;;;;;;;;;;;;;;;
https://port-sistema.ru/implantiruemye-port-sistemy;form389672228;Ловец лидов;;;;;;;;;;;;;;;;;;;;;;;;;;;;;;
https://port-sistema.ru/peritonealniy-port;form389672228;Ловец лидов;;;;;;;;;;;;;;;;;;;;;;;;;;;;;;
https://port-sistema.ru/plevralnaya-port-sistema;form389672228;Ловец лидов;;;;;;;;;;;;;;;;;;;;;;;;;;;;;;
https://port-sistema.ru/port-sistema;form389672228;Ловец лидов;;;;;;;;;;;;;;;;;;;;;;;;;;;;;;
https://port-sistema.ru/port-sistema-b-braun;form389672228;Ловец лидов;;;;;;;;;;;;;;;;;;;;;;;;;;;;;;
https://port-sistema.ru/port-sistema-celsite;form389672228;Ловец лидов;;;;;;;;;;;;;;;;;;;;;;;;;;;;;;
https://port-sistema.ru/ustanovka-porta-dlia-himioterapii-po-oms;form389672228;Ловец лидов;;;;;;;;;;;;;;;;;;;;;;;;;;;;;;
https://udalenie-gemorroya.ru/;form84311720;Запись на прием;form84311758;Запись на прием;form85340544;Консультация;form85340637;Запись на прием;;;;;;;;;;;;;;;;;;;;;;;;
https://udalenie-gemorroya.ru/otzyv;form84311720;Запись на прием;form84311758;Запись на прием;form85340544;Консультация;form85340637;Запись на прием;form84039967;Консультация;;;;;;;;;;;;;;;;;;;;;;
